[{"id": 1239689805094465536, "name": "Josh Schiffer, MD", "screen_name": "joshua_schiffer", "location": "Seattle, WA", "followers_count": 442, "favourites_count": 30}, {"id": 1223052314036056064, "name": "Joseph Petrosino", "screen_name": "JosephPetrosino", "location": "Houston, TX", "followers_count": 286, "favourites_count": 2736}, {"id": 1110032180237852672, "name": "Krutika Kuppalli, MD FIDSA", "screen_name": "KrutikaKuppalli", "location": "", "followers_count": 29375, "favourites_count": 9473}, {"id": 1071978579934765061, "name": "Jason Kindrachuk, PhD", "screen_name": "KindrachukJason", "location": "Winnipeg, Manitoba", "followers_count": 17248, "favourites_count": 83083}, {"id": 936701400150659073, "name": "Dr. Matt Binnicker", "screen_name": "DrMattBinnicker", "location": "Rochester, MN", "followers_count": 2402, "favourites_count": 1930}, {"id": 889035664779509760, "name": "Charles Holmes", "screen_name": "CharlesBHolmes", "location": "Washington, DC", "followers_count": 2156, "favourites_count": 12673}, {"id": 873045361606000640, "name": "Susan Butler-Wu, PhD", "screen_name": "SBtotheDub", "location": "Los Angeles, CA", "followers_count": 1886, "favourites_count": 10520}, {"id": 712012171031420928, "name": "Shane Crotty", "screen_name": "profshanecrotty", "location": "La Jolla, San Diego", "followers_count": 39490, "favourites_count": 3453}, {"id": 4864988228, "name": "Paul G Thomas", "screen_name": "PGTimmune", "location": "Memphis, TN", "followers_count": 1713, "favourites_count": 5027}, {"id": 2615968555, "name": "Heather Pierce, JD, MPH", "screen_name": "HeatherHPierce", "location": "Washington, DC", "followers_count": 589, "favourites_count": 1538}, {"id": 2578071749, "name": "Este Geraghty", "screen_name": "EsteGeraghty", "location": "Redlands, CA", "followers_count": 1660, "favourites_count": 4732}, {"id": 1849172972, "name": "O'Neill Institute", "screen_name": "oneillinstitute", "location": "Georgetown Law, Washington, DC", "followers_count": 5290, "favourites_count": 1881}, {"id": 1270238612, "name": "Lawrence Gostin", "screen_name": "LawrenceGostin", "location": "Washington, DC", "followers_count": 16641, "favourites_count": 511}, {"id": 1135947516, "name": "Dell Medical School", "screen_name": "DellMedSchool", "location": "Austin, TX", "followers_count": 16272, "favourites_count": 10635}, {"id": 830920153, "name": "Caroline Humer", "screen_name": "CarolineHumer", "location": "", "followers_count": 882, "favourites_count": 195}, {"id": 756713112, "name": "Saad B. Omer", "screen_name": "SaadOmer3", "location": "", "followers_count": 12877, "favourites_count": 10510}, {"id": 587205438, "name": "Matthew Kavanagh", "screen_name": "MMKavanagh", "location": "Washington, DC", "followers_count": 5168, "favourites_count": 5735}, {"id": 413308631, "name": "St. Jude Research", "screen_name": "StJudeResearch", "location": "Memphis, Tenn.", "followers_count": 27716, "favourites_count": 5295}, {"id": 306820074, "name": "Raed Dweik, MD, MBA", "screen_name": "RaedDweikMD", "location": "Cleveland, OH", "followers_count": 2463, "favourites_count": 13453}, {"id": 247351807, "name": "NFID", "screen_name": "NFIDvaccines", "location": "Bethesda, MD", "followers_count": 7875, "favourites_count": 4574}, {"id": 230769694, "name": "Dr. Syra Madad", "screen_name": "syramadad", "location": "NYC", "followers_count": 66092, "favourites_count": 7011}, {"id": 227429355, "name": "Amesh Adalja", "screen_name": "AmeshAA", "location": "Pittsburgh, Baltimore, NYC", "followers_count": 37179, "favourites_count": 3944}, {"id": 102613047, "name": "Suerie Moon", "screen_name": "SuerieMoon", "location": "", "followers_count": 2505, "favourites_count": 387}, {"id": 92576336, "name": "Belfer Center", "screen_name": "BelferCenter", "location": "Cambridge, MA", "followers_count": 32257, "favourites_count": 272}, {"id": 86970530, "name": "Tatiana Prowell, MD", "screen_name": "tmprowell", "location": "Maryland, USA", "followers_count": 33696, "favourites_count": 111057}, {"id": 76417139, "name": "IDSA", "screen_name": "IDSAInfo", "location": "Arlington, VA", "followers_count": 52327, "favourites_count": 3777}, {"id": 65073830, "name": "NYC Health + Hospitals", "screen_name": "NYCHealthSystem", "location": "New York, NY", "followers_count": 36957, "favourites_count": 30382}, {"id": 52426212, "name": "AAMC", "screen_name": "AAMCtoday", "location": "Washington, D.C.", "followers_count": 68329, "favourites_count": 10902}, {"id": 34299110, "name": "BCMHouston", "screen_name": "bcmhouston", "location": "Houston, Texas", "followers_count": 24257, "favourites_count": 16456}, {"id": 25562183, "name": "Reuters Health", "screen_name": "Reuters_Health", "location": "", "followers_count": 258738, "favourites_count": 78}, {"id": 24695651, "name": "MichiganPublicHealth", "screen_name": "umichsph", "location": "Ann Arbor, MI", "followers_count": 20231, "favourites_count": 12330}, {"id": 24236494, "name": "Cleveland Clinic", "screen_name": "ClevelandClinic", "location": "Cleveland, Ohio", "followers_count": 1925968, "favourites_count": 1697}, {"id": 22019881, "name": "Johns Hopkins Bloomberg School of Public Health", "screen_name": "JohnsHopkinsSPH", "location": "Baltimore, MD", "followers_count": 502681, "favourites_count": 19618}, {"id": 21230785, "name": "R\ud83d\ude37ss D. Silverman\ud83d\udcaa\ud83e\ude79", "screen_name": "phlu", "location": "Indianapolis, IN", "followers_count": 3658, "favourites_count": 15453}, {"id": 19939139, "name": "Federation of American Scientists", "screen_name": "FAScientists", "location": "Washington, DC", "followers_count": 24804, "favourites_count": 1446}, {"id": 19785281, "name": "Lauren Young", "screen_name": "LaurenYoung", "location": "New York", "followers_count": 35748, "favourites_count": 41071}, {"id": 16645335, "name": "Fred Hutch", "screen_name": "fredhutch", "location": "Seattle", "followers_count": 34238, "favourites_count": 26133}, {"id": 14550448, "name": "Cancer Research Institute", "screen_name": "CancerResearch", "location": "New York, NY, USA", "followers_count": 27271, "favourites_count": 13355}, {"id": 14133286, "name": "University of Manitoba", "screen_name": "umanitoba", "location": "Winnipeg, Manitoba, Canada", "followers_count": 37023, "favourites_count": 13252}, {"id": 14080525, "name": "Nancy Lapid", "screen_name": "NancyLapid", "location": "USA", "followers_count": 5180, "favourites_count": 581}, {"id": 14062554, "name": "MD Anderson Cancer Center", "screen_name": "MDAndersonNews", "location": "Houston, TX", "followers_count": 118498, "favourites_count": 31129}, {"id": 5695032, "name": "Yale University", "screen_name": "Yale", "location": "New Haven, CT", "followers_count": 585396, "favourites_count": 197}]