[{"id": 1006663985335132160, "name": "Holly Secon", "screen_name": "hollysecon", "location": "California, USA", "followers_count": 613, "favourites_count": 3203}, {"id": 978670825808322561, "name": "Sarah Al-Arshani (\u0633\u0627\u0631\u0629 \u0627\u0644\u0639\u0631\u0634\u0627\u0646\u064a)", "screen_name": "s_arshani", "location": "Los Angeles, CA", "followers_count": 593, "favourites_count": 2253}, {"id": 923770474319843328, "name": "Rosie Perper", "screen_name": "RosiePerper", "location": "New York City", "followers_count": 729, "favourites_count": 109}, {"id": 4806165455, "name": "Sophia Ankel", "screen_name": "sophiaankel", "location": "London, England", "followers_count": 690, "favourites_count": 3544}, {"id": 3715177881, "name": "Morgan McFall-Johnsen", "screen_name": "MorganMJohnsen", "location": "Online", "followers_count": 727, "favourites_count": 17420}, {"id": 3373377159, "name": "Lauren Frias", "screen_name": "laurenfrias_", "location": "Los Angeles, CA", "followers_count": 333, "favourites_count": 1437}, {"id": 3082910212, "name": "Andrew Dunn", "screen_name": "AndrewE_Dunn", "location": "Washington, DC", "followers_count": 5478, "favourites_count": 4381}, {"id": 2576855796, "name": "Thomas Colson", "screen_name": "tpgcolson", "location": "Westminster, London", "followers_count": 6076, "favourites_count": 11970}, {"id": 2277961849, "name": "Aylin Woodward", "screen_name": "AylinWoodward", "location": "Brooklyn, NY", "followers_count": 1468, "favourites_count": 8241}, {"id": 1900860956, "name": "Gabby Landshark", "screen_name": "GabbyLandsverk", "location": "New York, NY", "followers_count": 574, "favourites_count": 5149}, {"id": 1146599930, "name": "Blake Dodge", "screen_name": "dodgeblake", "location": "New York, New York", "followers_count": 2809, "favourites_count": 3321}, {"id": 1007722262, "name": "Rhea Mahbubani Kamal", "screen_name": "RMahbubani", "location": "New York, USA", "followers_count": 1285, "favourites_count": 521}, {"id": 941663383, "name": "Alexandra Ma", "screen_name": "AlexandraMa15", "location": "London, England", "followers_count": 2697, "favourites_count": 10810}, {"id": 616307352, "name": "Adam Payne", "screen_name": "adampayne26", "location": "London via Cumbria", "followers_count": 26175, "favourites_count": 25754}, {"id": 608310777, "name": "Science Insider", "screen_name": "SciInsider", "location": "", "followers_count": 50786, "favourites_count": 3353}, {"id": 571922392, "name": "Sin\u00e9ad Baker", "screen_name": "sineadbaker1", "location": "London (via Dublin)", "followers_count": 2284, "favourites_count": 17043}, {"id": 473173146, "name": "Shira Feder", "screen_name": "shirafeder", "location": "New York, USA", "followers_count": 510, "favourites_count": 1838}, {"id": 392941078, "name": "Anna Medaris Miller", "screen_name": "AnnaMedaris", "location": "New York, NY", "followers_count": 3319, "favourites_count": 1651}, {"id": 379162299, "name": "Dana Varinsky", "screen_name": "dgvarins", "location": "Oakland, CA", "followers_count": 797, "favourites_count": 232}, {"id": 376403603, "name": "Lydia Ramsey Pflanzer", "screen_name": "lydiaramsey125", "location": "", "followers_count": 7613, "favourites_count": 9628}, {"id": 354037294, "name": "Ellen Cranley", "screen_name": "ekcranley", "location": "East Coast", "followers_count": 809, "favourites_count": 31373}, {"id": 331318245, "name": "Carmen Reinicke", "screen_name": "csreinicke", "location": "Manhattan, NY", "followers_count": 1884, "favourites_count": 12703}, {"id": 294176860, "name": "Insider International", "screen_name": "InsiderIntl", "location": "London", "followers_count": 118204, "favourites_count": 1038}, {"id": 193740606, "name": "Mia de Graaf", "screen_name": "miadegraaf", "location": "NYC", "followers_count": 3018, "favourites_count": 8153}, {"id": 173820957, "name": "Connor Perrett", "screen_name": "connorperrett", "location": "nyc/dc", "followers_count": 2051, "favourites_count": 21570}, {"id": 167258344, "name": "Kelly McLaughlin", "screen_name": "kelmclaugh", "location": "New York, NY", "followers_count": 1757, "favourites_count": 16861}, {"id": 103705772, "name": "Aria Bendix", "screen_name": "ariabendix", "location": "New York, NY", "followers_count": 1117, "favourites_count": 512}, {"id": 93700938, "name": "Hilary Brueck", "screen_name": "Hilarx", "location": "New York, NY", "followers_count": 3217, "favourites_count": 2813}, {"id": 52282776, "name": "Kimberly Leonard", "screen_name": "leonardkl", "location": "Washington, D.C.", "followers_count": 13486, "favourites_count": 11981}, {"id": 43841605, "name": "Ashley Collman", "screen_name": "acollman", "location": "Brooklyn, New York", "followers_count": 457, "favourites_count": 176}, {"id": 36171004, "name": "David Plotz", "screen_name": "davidplotz", "location": "", "followers_count": 55039, "favourites_count": 4811}, {"id": 24851695, "name": "Sarah Gray", "screen_name": "sarahhhgray", "location": "Los Angeles, CA", "followers_count": 1666, "favourites_count": 20324}, {"id": 14622223, "name": "Zachary Tracer", "screen_name": "ZTracer", "location": "Philadelphia, PA", "followers_count": 11371, "favourites_count": 14909}, {"id": 14476016, "name": "Adam Bienkov", "screen_name": "AdamBienkov", "location": "", "followers_count": 55916, "favourites_count": 9373}]