[{"id": 4077277331, "name": "CDC Diabetes", "screen_name": "CDCDiabetes", "location": "Atlanta, GA", "followers_count": 12441, "favourites_count": 859}, {"id": 3416025023, "name": "CPSTF", "screen_name": "CPSTF", "location": "", "followers_count": 1536, "favourites_count": 569}, {"id": 3145168942, "name": "CDC TB", "screen_name": "CDC_TB", "location": "Atlanta, GA", "followers_count": 6251, "favourites_count": 429}, {"id": 3130891960, "name": "CDC AMD", "screen_name": "CDC_AMD", "location": "", "followers_count": 3338, "favourites_count": 809}, {"id": 2978188138, "name": "Stephen Redd, MD", "screen_name": "DrReddCDC", "location": "Atlanta, GA", "followers_count": 1480, "favourites_count": 115}, {"id": 2561691740, "name": "CDC\u2019s Division of Adolescent and School Health", "screen_name": "CDC_DASH", "location": "Policy: go.usa.gov/YjNP", "followers_count": 5173, "favourites_count": 4491}, {"id": 2467310257, "name": "CDC Rwanda", "screen_name": "CDCRwanda", "location": "Kigali - Rwanda", "followers_count": 1058, "favourites_count": 86}, {"id": 2414227753, "name": "Rebecca Martin, PhD", "screen_name": "DrMartinCDC", "location": "Atlanta, GA", "followers_count": 5940, "favourites_count": 1073}, {"id": 2396211931, "name": "CDC Haiti", "screen_name": "CDCHaiti", "location": "Haiti", "followers_count": 1083, "favourites_count": 260}, {"id": 2353701600, "name": "Dr. Nancy Messonnier", "screen_name": "DrNancyM_CDC", "location": "Atlanta, GA", "followers_count": 51349, "favourites_count": 702}, {"id": 2166694309, "name": "CDC Malawi", "screen_name": "CDCMalawi", "location": "Malawi", "followers_count": 630, "favourites_count": 5}, {"id": 1262257472, "name": "CDC_EIDjournal", "screen_name": "CDC_EIDjournal", "location": "Atlanta, Georgia", "followers_count": 4437, "favourites_count": 5}, {"id": 1262167370, "name": "CDC Emerging Infections", "screen_name": "CDC_NCEZID", "location": "United States", "followers_count": 34769, "favourites_count": 1867}, {"id": 1024647800, "name": "Dr. Rima Khabbaz", "screen_name": "DrKhabbazCDC", "location": "Atlanta, GA", "followers_count": 5668, "favourites_count": 1720}, {"id": 1002088866, "name": "Dr. Hazel Dean", "screen_name": "DrDeanCDC", "location": "Policy: go.usa.gov/YjNP", "followers_count": 8870, "favourites_count": 87}, {"id": 974598566, "name": "NIOSH en Espa\u00f1ol", "screen_name": "NIOSHespanol", "location": "Denver, Colorado", "followers_count": 4913, "favourites_count": 9}, {"id": 960707826, "name": "NIOSH Oil and Gas", "screen_name": "NIOSHOilandGas", "location": "", "followers_count": 3406, "favourites_count": 13}, {"id": 958523305, "name": "CDCSouthAfrica", "screen_name": "CDCSouthAfrica", "location": "Pretoria", "followers_count": 4792, "favourites_count": 757}, {"id": 808429874, "name": "CDC-Namibia", "screen_name": "CDCNamibia", "location": "Windhoek, Namibia", "followers_count": 2716, "favourites_count": 3}, {"id": 609232206, "name": "NIOSH Total Worker Health", "screen_name": "NIOSH_TWH", "location": "", "followers_count": 3902, "favourites_count": 373}, {"id": 600314768, "name": "One & Only Campaign", "screen_name": "InjectionSafety", "location": "Atlanta, GA ", "followers_count": 2003, "favourites_count": 528}, {"id": 599279600, "name": "CDCChronic", "screen_name": "CDCChronic", "location": "Atlanta, Georgia", "followers_count": 27445, "favourites_count": 2328}, {"id": 588586596, "name": "CDC Genomics & Precision Health", "screen_name": "CDC_Genomics", "location": "Atlanta, GA", "followers_count": 13891, "favourites_count": 4390}, {"id": 472993981, "name": "CDC DNPAO", "screen_name": "CDC_DNPAO", "location": "Atlanta, GA", "followers_count": 30091, "favourites_count": 1486}, {"id": 467806150, "name": "CDC_NCBDDD", "screen_name": "CDC_NCBDDD", "location": "Atlanta, GA", "followers_count": 8543, "favourites_count": 4375}, {"id": 462854860, "name": "CDC Kenya", "screen_name": "CDCKenya", "location": "Nairobi and Kisumu, Kenya", "followers_count": 18520, "favourites_count": 477}, {"id": 426909329, "name": "Rochelle Walensky, MD, MPH", "screen_name": "CDCDirector", "location": "Atlanta, GA", "followers_count": 333437, "favourites_count": 673}, {"id": 361903576, "name": "Million Hearts\u00ae", "screen_name": "MillionHeartsUS", "location": "Atlanta, Georgia, USA", "followers_count": 26489, "favourites_count": 3010}, {"id": 357648167, "name": "CDC Global Health", "screen_name": "CDCGlobal", "location": "Atlanta, GA", "followers_count": 171913, "favourites_count": 807}, {"id": 351013797, "name": "FACE @ NIOSH", "screen_name": "NIOSHFACE", "location": "Morgantown, WV", "followers_count": 8032, "favourites_count": 22}, {"id": 348509220, "name": "CDC Community Health", "screen_name": "CDCMakeHealthEZ", "location": "United States", "followers_count": 2335, "favourites_count": 0}, {"id": 239971233, "name": "CDC Injury Center", "screen_name": "CDCInjury", "location": "Atlanta, GA", "followers_count": 23044, "favourites_count": 6441}, {"id": 239825360, "name": "CDC/BRFSS", "screen_name": "BRFSS", "location": "Atlanta, GA", "followers_count": 1755, "favourites_count": 26}, {"id": 214649035, "name": "CDC en Espa\u00f1ol", "screen_name": "CDCespanol", "location": "Atlanta, GA", "followers_count": 65534, "favourites_count": 15}, {"id": 203195367, "name": "NIOSH Noise Research", "screen_name": "NIOSHNoise", "location": "Cincinnati, OH", "followers_count": 5567, "favourites_count": 426}, {"id": 175495448, "name": "CDC Travel Health", "screen_name": "CDCtravel", "location": "Atlanta, GA", "followers_count": 51490, "favourites_count": 1558}, {"id": 168716574, "name": "CDC Global Jobs", "screen_name": "CDCGlobalJobs", "location": "Atlanta, Georgia", "followers_count": 1874, "favourites_count": 0}, {"id": 158396052, "name": "CDC Cancer", "screen_name": "CDC_Cancer", "location": "Atlanta GA", "followers_count": 124540, "favourites_count": 498}, {"id": 148477475, "name": "CDC HIV/AIDS", "screen_name": "CDC_HIVAIDS", "location": "Atlanta, Georgia", "followers_count": 54683, "favourites_count": 778}, {"id": 148463866, "name": "Dr. Jono Mermin", "screen_name": "DrMerminCDC", "location": "Policy: go.usa.gov/YjNP", "followers_count": 19665, "favourites_count": 1294}, {"id": 143061509, "name": "CDC Tracking Network", "screen_name": "CDC_EPHTracking", "location": "Atlanta, GA", "followers_count": 6285, "favourites_count": 3077}, {"id": 135265904, "name": "CDC Tobacco Free", "screen_name": "CDCTobaccoFree", "location": "Atlanta, GA", "followers_count": 35805, "favourites_count": 3626}, {"id": 119061808, "name": "Talk HIV", "screen_name": "talkHIV", "location": "Atlanta", "followers_count": 37474, "favourites_count": 2440}, {"id": 118828764, "name": "CDC STD", "screen_name": "CDCSTD", "location": "Atlanta,GA | Twitter policy:", "followers_count": 40146, "favourites_count": 3291}, {"id": 117148684, "name": "Construction @ NIOSH", "screen_name": "NIOSHConstruct", "location": "", "followers_count": 29624, "favourites_count": 1070}, {"id": 111354912, "name": "MMWR", "screen_name": "CDCMMWR", "location": "Atlanta", "followers_count": 47252, "favourites_count": 151}, {"id": 109375152, "name": "NCHS", "screen_name": "NCHStats", "location": "Hyattsville, MD", "followers_count": 6919, "favourites_count": 346}, {"id": 64429326, "name": "CDC Sustainability", "screen_name": "CDCGreenHealthy", "location": "Atlanta, GA", "followers_count": 21852, "favourites_count": 347}, {"id": 43909630, "name": "CDC NPIN", "screen_name": "CDCNPIN", "location": "Atlanta, GA", "followers_count": 27189, "favourites_count": 1369}, {"id": 40271841, "name": "CDC Hepatitis", "screen_name": "cdchep", "location": "Atlanta, GA", "followers_count": 36181, "favourites_count": 174}, {"id": 36774033, "name": "CDC Environment", "screen_name": "CDCEnvironment", "location": "cdc.gov/nceh & atsdr.cdc.gov", "followers_count": 34371, "favourites_count": 1689}, {"id": 31229901, "name": "NIOSH Mining", "screen_name": "NIOSHMining", "location": "Pittsburgh, PA", "followers_count": 9023, "favourites_count": 912}, {"id": 20076000, "name": "NIOSH", "screen_name": "NIOSH", "location": "Washington DC", "followers_count": 297497, "favourites_count": 1895}, {"id": 19658936, "name": "CDC Emergency", "screen_name": "CDCemergency", "location": "Atlanta, GA", "followers_count": 2006576, "favourites_count": 6969}, {"id": 18139029, "name": "NIOSH PPT", "screen_name": "NIOSH_NPPTL", "location": "Pittsburgh, Pennsylvania ", "followers_count": 10051, "favourites_count": 157}, {"id": 16616061, "name": "CDC Flu", "screen_name": "CDCFlu", "location": "Atlanta, GA", "followers_count": 874100, "favourites_count": 1548}, {"id": 15587500, "name": "CDC_eHealth", "screen_name": "CDC_eHealth", "location": "Atlanta, GA", "followers_count": 690101, "favourites_count": 25}]