[{"id": 1356812091429183488, "name": "Roma Mehta, MD", "screen_name": "RomaMehtaMD", "location": "Dallas, TX", "followers_count": 303, "favourites_count": 2743}, {"id": 1336052377724612608, "name": "DAUK GP Committee \ud83d\udc99", "screen_name": "DAUK_GP", "location": "", "followers_count": 1435, "favourites_count": 1421}, {"id": 1252988129708929024, "name": "WesElyMD", "screen_name": "WesElyMD", "location": "Nashville, TN", "followers_count": 18758, "favourites_count": 163350}, {"id": 1163040399201583106, "name": "Swastham Healthcare", "screen_name": "swasthamhc", "location": "India", "followers_count": 9383, "favourites_count": 3339}, {"id": 984301467359170564, "name": "Kevin K. Chung, MD", "screen_name": "chungk1031", "location": "Bethesda, MD", "followers_count": 9901, "favourites_count": 17881}, {"id": 970975573165064192, "name": "Indian Medical Association", "screen_name": "IMAIndiaOrg", "location": "New Delhi, India", "followers_count": 61144, "favourites_count": 91}, {"id": 964592484515946496, "name": "Doctors\u2019 Association UK \ud83d\udc99", "screen_name": "TheDA_UK", "location": "UK", "followers_count": 35227, "favourites_count": 5254}, {"id": 769276958542737408, "name": "Arghavan Salles, MD, PhD", "screen_name": "arghavan_salles", "location": "Palo Alto, CA", "followers_count": 43650, "favourites_count": 229971}, {"id": 4882743003, "name": "NHS Million \ud83d\udc99", "screen_name": "NHSMillion", "location": "UK", "followers_count": 705652, "favourites_count": 27650}, {"id": 4857347771, "name": "Avraham Z. Cooper, MD", "screen_name": "AvrahamCooperMD", "location": "", "followers_count": 31163, "favourites_count": 15572}, {"id": 4794414030, "name": "Matt Bodell", "screen_name": "Matt_Bodell", "location": "Nottingham, England", "followers_count": 1247, "favourites_count": 6525}, {"id": 2659372678, "name": "Dr Dominic Pimenta", "screen_name": "DrDomPimenta", "location": "London", "followers_count": 58392, "favourites_count": 25887}, {"id": 2524538106, "name": "Dr Philip Lee", "screen_name": "drphiliplee1", "location": "London", "followers_count": 72668, "favourites_count": 122858}, {"id": 2182994245, "name": "Sapna Kudchadkar, MD, PhD", "screen_name": "SapnaKmd", "location": "Maryland, USA", "followers_count": 12020, "favourites_count": 60473}, {"id": 1938551161, "name": "Christopher A. Longhurst", "screen_name": "calonghurst", "location": "La Jolla, CA", "followers_count": 8042, "favourites_count": 20327}, {"id": 1526321732, "name": "Dr. Mike Varshavski", "screen_name": "RealDoctorMike", "location": "NYC", "followers_count": 309525, "favourites_count": 26746}, {"id": 1030815319, "name": "Rob Hirst", "screen_name": "hirstposition", "location": "Bristol, England", "followers_count": 466, "favourites_count": 1150}, {"id": 817785636, "name": "Scott Goudie \ud83d\udc99\ud83d\udc89\ud83d\ude91\ud83d\udc68\ud83c\udffb\u200d\ud83c\udf93", "screen_name": "scott_goudie", "location": "Kent, UK", "followers_count": 682, "favourites_count": 3896}, {"id": 467924781, "name": "Esther Choo MD MPH", "screen_name": "choo_ek", "location": "", "followers_count": 190288, "favourites_count": 164519}, {"id": 462021312, "name": "Trisha Greenhalgh", "screen_name": "trishgreenhalgh", "location": "Oxford, England", "followers_count": 140625, "favourites_count": 56004}, {"id": 343058013, "name": "Dr Samantha Batt-Rawden \ud83d\udc99", "screen_name": "sbattrawden", "location": "Caring Intensively in the UK", "followers_count": 120429, "favourites_count": 17200}, {"id": 292400876, "name": "Dr Helgi", "screen_name": "traumagasdoc", "location": "London, UK", "followers_count": 27903, "favourites_count": 17935}, {"id": 239210681, "name": "Bob Wachter", "screen_name": "Bob_Wachter", "location": "San Francisco", "followers_count": 194897, "favourites_count": 8810}, {"id": 226914703, "name": "NursingNotes", "screen_name": "NursingNotesUK", "location": "United Kingdom", "followers_count": 46382, "favourites_count": 8845}, {"id": 110453483, "name": "Natalie Silvey", "screen_name": "silv24", "location": "London, England", "followers_count": 33018, "favourites_count": 29384}, {"id": 86987988, "name": "The Doctor Magazine", "screen_name": "TheDrMagazine", "location": "London", "followers_count": 11183, "favourites_count": 94}, {"id": 86626845, "name": "Eric Topol", "screen_name": "EricTopol", "location": "La Jolla, CA", "followers_count": 522116, "favourites_count": 38905}, {"id": 68677974, "name": "Greg Martin", "screen_name": "gsmartinmd", "location": "Atlanta", "followers_count": 5665, "favourites_count": 3925}, {"id": 61502943, "name": "Harrison Carter", "screen_name": "HarryDECarter", "location": "London", "followers_count": 6022, "favourites_count": 7445}, {"id": 60443074, "name": "Australian Doctor", "screen_name": "australiandr", "location": "Sydney, Australia", "followers_count": 20158, "favourites_count": 441}, {"id": 30761456, "name": "Paul Sax", "screen_name": "PaulSaxMD", "location": "Boston, MA", "followers_count": 39855, "favourites_count": 16732}, {"id": 30042256, "name": "Doctor Roshan R \ud83c\udf0d", "screen_name": "pythoroshan", "location": "India", "followers_count": 12520, "favourites_count": 43686}, {"id": 16232185, "name": "Ab Brody, PhD, RN, FAAN", "screen_name": "abbrody", "location": "New York, NY", "followers_count": 2298, "favourites_count": 1742}, {"id": 14243046, "name": "The BMA", "screen_name": "TheBMA", "location": "London", "followers_count": 151926, "favourites_count": 5794}]