[{"id": 976580803491745794, "name": "Katherine J. Wu, Ph.D.", "screen_name": "KatherineJWu", "location": "katherinejwu.com", "followers_count": 25517, "favourites_count": 10816}, {"id": 3474924972, "name": "Adrienne Underwood", "screen_name": "adrienneunderwd", "location": "PHL \u27a1\ufe0f NOLA \u27a1\ufe0f GA \u27a1\ufe0f ?", "followers_count": 1046, "favourites_count": 3445}, {"id": 3263170784, "name": "Michael Nedelman", "screen_name": "MikeNedelman", "location": "New York, NY", "followers_count": 890, "favourites_count": 681}, {"id": 3246857158, "name": "Leah Rosenbaum", "screen_name": "leah_rosenbaum", "location": "Oakland, CA", "followers_count": 3362, "favourites_count": 20003}, {"id": 3044715749, "name": "Zach Despart", "screen_name": "zachdespart", "location": "Houston, TX", "followers_count": 12647, "favourites_count": 10088}, {"id": 2884258459, "name": "Erica Pandey", "screen_name": "erica_pandey", "location": "", "followers_count": 4796, "favourites_count": 4753}, {"id": 1279269420, "name": "Michaela Ramm", "screen_name": "Michaela_Ramm", "location": "Iowa City, IA", "followers_count": 1907, "favourites_count": 17366}, {"id": 706474578, "name": "Alexander Tin", "screen_name": "Alexander_Tin", "location": "He/him.", "followers_count": 4438, "favourites_count": 3532}, {"id": 589535421, "name": "Peter Aldhous", "screen_name": "paldhous", "location": "San Francisco", "followers_count": 11236, "favourites_count": 794}, {"id": 587886965, "name": "Antonia Hylton", "screen_name": "ahylton26", "location": "Brooklyn", "followers_count": 28497, "favourites_count": 15639}, {"id": 496115686, "name": "Marisa Fernandez", "screen_name": "mmfernandez_", "location": "Washington, DC", "followers_count": 1423, "favourites_count": 1732}, {"id": 468499741, "name": "LenaSun", "screen_name": "bylenasun", "location": "Washington, D.C.", "followers_count": 19281, "favourites_count": 1285}, {"id": 374250195, "name": "Olivia Goldhill", "screen_name": "OliviaGoldhill", "location": "", "followers_count": 5384, "favourites_count": 1636}, {"id": 368158573, "name": "Rebecca Robbins", "screen_name": "RebeccaDRobbins", "location": "", "followers_count": 23403, "favourites_count": 27086}, {"id": 323478636, "name": "Catherine Ho", "screen_name": "Cat_Ho", "location": "San Francisco, CA", "followers_count": 3900, "favourites_count": 515}, {"id": 313704157, "name": "Sophie Tatum", "screen_name": "sophie_tatum", "location": "Washington, DC", "followers_count": 2871, "favourites_count": 13096}, {"id": 291888539, "name": "Sarah Mervosh", "screen_name": "smervosh", "location": "New York, NY", "followers_count": 8946, "favourites_count": 4914}, {"id": 261070959, "name": "Katherine Ellen Foley", "screen_name": "katherineefoley", "location": "Washington, DC", "followers_count": 8272, "favourites_count": 17440}, {"id": 244701234, "name": "Soumya", "screen_name": "skarlamangla", "location": "Los Angeles, California", "followers_count": 31885, "favourites_count": 16153}, {"id": 232425279, "name": "Shannon", "screen_name": "ShannonNajma", "location": "Austin, TX", "followers_count": 3846, "favourites_count": 3881}, {"id": 204599219, "name": "Paige W. Cunningham", "screen_name": "pw_cunningham", "location": "Washington, DC", "followers_count": 14946, "favourites_count": 1368}, {"id": 174093269, "name": "Emily DeRuy", "screen_name": "Emily_DeRuy", "location": "San Jose, CA", "followers_count": 3891, "favourites_count": 2694}, {"id": 171565750, "name": "Rachel Roubein", "screen_name": "rachel_roubein", "location": "", "followers_count": 4387, "favourites_count": 726}, {"id": 151560361, "name": "Ryan Gabrielson", "screen_name": "ryangabrielson", "location": "Oakland, Calif.", "followers_count": 5583, "favourites_count": 11202}, {"id": 123654963, "name": "Stephanie Ebbs", "screen_name": "stephebbs", "location": "Washington, DC", "followers_count": 2610, "favourites_count": 8604}, {"id": 120853201, "name": "Priscilla Thompson", "screen_name": "PriscillaWT", "location": "New York, USA", "followers_count": 15063, "favourites_count": 2300}, {"id": 80655195, "name": "Roxanne Khamsi", "screen_name": "rkhamsi", "location": "Montreal by way of Brooklyn", "followers_count": 21033, "favourites_count": 34521}, {"id": 66014022, "name": "Bethany Bump", "screen_name": "bethanybump", "location": "Albany, NY", "followers_count": 5806, "favourites_count": 2067}, {"id": 58489734, "name": "Dan Vergano", "screen_name": "dvergano", "location": "Washington, DC", "followers_count": 17836, "favourites_count": 3589}, {"id": 53809979, "name": "David Lim", "screen_name": "davidalim", "location": "Washington D.C.", "followers_count": 11974, "favourites_count": 10978}, {"id": 47678782, "name": "Meg Tirrell", "screen_name": "megtirrell", "location": "New York", "followers_count": 93062, "favourites_count": 8182}, {"id": 42782695, "name": "Berkeley Lovelace", "screen_name": "BerkeleyJr", "location": "New York, NY", "followers_count": 5317, "favourites_count": 19367}, {"id": 42703163, "name": "Sarah Karlin-Smith", "screen_name": "SarahKarlin", "location": "Washington, DC ", "followers_count": 15512, "favourites_count": 6436}, {"id": 29342313, "name": "Kiera Butler", "screen_name": "kieraevebutler", "location": "", "followers_count": 4720, "favourites_count": 919}, {"id": 27944885, "name": "Alice Park", "screen_name": "AliceParkNY", "location": "New York NY", "followers_count": 13628, "favourites_count": 100}, {"id": 25689448, "name": "William Wan", "screen_name": "thewanreport", "location": "Washington, DC", "followers_count": 8545, "favourites_count": 702}, {"id": 20336988, "name": "Brianna Ehley Allen", "screen_name": "Briannaehley", "location": "Washington, DC", "followers_count": 8408, "favourites_count": 14872}, {"id": 19734832, "name": "Sarah Kliff", "screen_name": "sarahkliff", "location": "Washington, DC", "followers_count": 153562, "favourites_count": 4832}, {"id": 18944486, "name": "Hannah Kuchler", "screen_name": "hannahkuchler", "location": "London", "followers_count": 18908, "favourites_count": 3288}, {"id": 18808527, "name": "Jacqueline Howard", "screen_name": "JacqEHoward", "location": "Atlanta, GA", "followers_count": 7251, "favourites_count": 912}, {"id": 18782060, "name": "Sophie Kasakove", "screen_name": "sophie_kasakove", "location": "", "followers_count": 2567, "favourites_count": 3367}, {"id": 18174520, "name": "Suzy Khimm", "screen_name": "SuzyKhimm", "location": "Washington, DC", "followers_count": 19592, "favourites_count": 4391}, {"id": 18139703, "name": "Selena Simmons-Duffin", "screen_name": "selenasd", "location": "", "followers_count": 5767, "favourites_count": 2508}, {"id": 16868756, "name": "Dan Diamond", "screen_name": "ddiamond", "location": "Washington, D.C.", "followers_count": 158634, "favourites_count": 54685}, {"id": 16538210, "name": "Laura J. Nelson \ud83e\udd85", "screen_name": "laura_nelson", "location": "", "followers_count": 31678, "favourites_count": 60750}, {"id": 15684633, "name": "Maryn McKenna", "screen_name": "marynmck", "location": "GA, ME, elsewhere.", "followers_count": 55193, "favourites_count": 48938}, {"id": 15022464, "name": "Stephanie M. Lee", "screen_name": "stephaniemlee", "location": "San Francisco", "followers_count": 21984, "favourites_count": 15515}, {"id": 14412101, "name": "Danielle Ivory", "screen_name": "danielle_ivory", "location": "", "followers_count": 8952, "favourites_count": 4352}, {"id": 13145012, "name": "Erin Kissane", "screen_name": "kissane", "location": "PNW", "followers_count": 31452, "favourites_count": 45524}, {"id": 608393, "name": "Eric+", "screen_name": "ericMstrauss", "location": "New York, NY", "followers_count": 4587, "favourites_count": 3379}]