[{"id": 1194944737788284929, "name": "Oxford Vaccine Group", "screen_name": "OxfordVacGroup", "location": "University of Oxford", "followers_count": 18348, "favourites_count": 1114}, {"id": 1107739623747276800, "name": "UW Virology", "screen_name": "UWVirology", "location": "Seattle, WA", "followers_count": 108001, "favourites_count": 117}, {"id": 3739275376, "name": "Imperial Department of Infectious Disease", "screen_name": "ImperialInfect", "location": "London, England", "followers_count": 5590, "favourites_count": 3464}, {"id": 3364649686, "name": "Penn State HHD", "screen_name": "pennstatehhd", "location": "University Park, PA", "followers_count": 1896, "favourites_count": 1846}, {"id": 3364000629, "name": "Jenner Institute", "screen_name": "JennerInstitute", "location": "Oxford, UK", "followers_count": 9020, "favourites_count": 1723}, {"id": 3348145947, "name": "NVRL UCD", "screen_name": "nvrlucdireland", "location": "", "followers_count": 2281, "favourites_count": 3217}, {"id": 3344272719, "name": "nyupublichealth", "screen_name": "nyupublichealth", "location": "New York, NY", "followers_count": 2014, "favourites_count": 1479}, {"id": 2856342156, "name": "Doherty Institute", "screen_name": "TheDohertyInst", "location": "Parkville, Melbourne, Victoria", "followers_count": 20809, "favourites_count": 2998}, {"id": 2838116620, "name": "The UCL Institute of Health Informatics", "screen_name": "UCL_IHI", "location": "London", "followers_count": 3058, "favourites_count": 1349}, {"id": 2751539635, "name": "Sydney Health", "screen_name": "syd_health", "location": "Sydney", "followers_count": 7721, "favourites_count": 3235}, {"id": 1576860222, "name": "ACHLR", "screen_name": "HealthLawQUT", "location": "Brisbane, Australia", "followers_count": 1642, "favourites_count": 753}, {"id": 1414106382, "name": "Monash University Central Clinical School", "screen_name": "MonashCCS", "location": "Alfred Centre, Melbourne 3004", "followers_count": 3425, "favourites_count": 6948}, {"id": 977109104, "name": "Deakin University - Health", "screen_name": "DeakinHealth", "location": "Burwood, Geelong, Warrnambool", "followers_count": 4234, "favourites_count": 1922}, {"id": 774222709, "name": "CCDD at Harvard Chan", "screen_name": "CCDD_HSPH", "location": "Boston, MA", "followers_count": 10056, "favourites_count": 521}, {"id": 365941621, "name": "Imperial Medicine", "screen_name": "ImperialMed", "location": "Imperial College London", "followers_count": 21097, "favourites_count": 8791}, {"id": 277659827, "name": "CUNY Grad School of Public Health & Health Policy", "screen_name": "CUNYSPH", "location": "New York, NY", "followers_count": 3848, "favourites_count": 368}, {"id": 217471383, "name": "HarvardGlobalHealthInstitute", "screen_name": "HarvardGH", "location": "Harvard University", "followers_count": 17624, "favourites_count": 4333}, {"id": 211910784, "name": "Biosciences - University of Kent", "screen_name": "biokent", "location": "Canterbury, Kent UK", "followers_count": 1137, "favourites_count": 684}, {"id": 187503462, "name": "MRC Centre for Global Infectious Disease Analysis", "screen_name": "MRC_Outbreak", "location": "Imperial College London", "followers_count": 108646, "favourites_count": 1062}, {"id": 160583127, "name": "St George's, University of London", "screen_name": "StGeorgesUni", "location": "London", "followers_count": 12536, "favourites_count": 12277}, {"id": 106832630, "name": "ColumbiaPublicHealth", "screen_name": "ColumbiaMSPH", "location": "New York, New York", "followers_count": 21953, "favourites_count": 3143}, {"id": 96104097, "name": "Institute of Global Health Innovation", "screen_name": "Imperial_IGHI", "location": "London, UK", "followers_count": 11430, "favourites_count": 9493}, {"id": 72843097, "name": "London School of Hygiene & Tropical Medicine", "screen_name": "LSHTM", "location": "London", "followers_count": 71531, "favourites_count": 3158}, {"id": 58636516, "name": "Duke Global Health", "screen_name": "DukeGHI", "location": "Durham, NC", "followers_count": 21827, "favourites_count": 9648}, {"id": 57709461, "name": "McMaster University", "screen_name": "McMasterU", "location": "Hamilton, ON", "followers_count": 76862, "favourites_count": 5134}, {"id": 56879674, "name": "Stanford Medicine", "screen_name": "StanfordMed", "location": "Stanford, CA", "followers_count": 307310, "favourites_count": 205}, {"id": 48289662, "name": "University of Oxford", "screen_name": "UniofOxford", "location": "Oxford, UK", "followers_count": 761343, "favourites_count": 14900}, {"id": 42589739, "name": "Burnet Institute", "screen_name": "BurnetInstitute", "location": "Melbourne", "followers_count": 12834, "favourites_count": 9753}, {"id": 41204222, "name": "UNC Public Health", "screen_name": "UNCpublichealth", "location": "Chapel Hill, North Carolina", "followers_count": 63851, "favourites_count": 13667}, {"id": 40047360, "name": "Yale School of Medicine", "screen_name": "YaleMed", "location": "New Haven, CT", "followers_count": 143195, "favourites_count": 7209}, {"id": 33474655, "name": "Cambridge University", "screen_name": "Cambridge_Uni", "location": "Cambridge, England", "followers_count": 627240, "favourites_count": 9089}, {"id": 30862829, "name": "Harvard Medical School", "screen_name": "harvardmed", "location": "Boston, MA", "followers_count": 358421, "favourites_count": 5911}, {"id": 28453440, "name": "University of British Columbia", "screen_name": "UBC", "location": "Vancouver | Okanagan | Canada", "followers_count": 77542, "favourites_count": 1358}, {"id": 27081406, "name": "Harvard Research", "screen_name": "HarvardResearch", "location": "Cambridge, MA", "followers_count": 132738, "favourites_count": 38}, {"id": 22708797, "name": "Harvard Health", "screen_name": "HarvardHealth", "location": "Boston, MA", "followers_count": 2533830, "favourites_count": 770}, {"id": 22019881, "name": "Johns Hopkins Bloomberg School of Public Health", "screen_name": "JohnsHopkinsSPH", "location": "Baltimore, MD", "followers_count": 502681, "favourites_count": 19618}, {"id": 20272531, "name": "Johns Hopkins Medicine", "screen_name": "HopkinsMedicine", "location": "Baltimore, Maryland", "followers_count": 612073, "favourites_count": 4944}, {"id": 19272796, "name": "Rutgers University", "screen_name": "RutgersU", "location": "New Jersey", "followers_count": 137578, "favourites_count": 10246}, {"id": 18815507, "name": "Johns Hopkins Center for Health Security", "screen_name": "JHSPH_CHS", "location": "Baltimore", "followers_count": 266408, "favourites_count": 3245}, {"id": 15458277, "name": "UC San Francisco", "screen_name": "UCSF", "location": "San Francisco, CA", "followers_count": 71230, "favourites_count": 23567}, {"id": 6653022, "name": "UW Public Health", "screen_name": "uwsph", "location": "Seattle, WA", "followers_count": 13852, "favourites_count": 8196}]