[{"id": 1352064843432472578, "name": "White House COVID-19 Response Team", "screen_name": "WHCOVIDResponse", "location": "Washington, DC", "followers_count": 330955, "favourites_count": 0}, {"id": 1334599365453758469, "name": "Dr. Marcella Nunez-Smith", "screen_name": "DrNunezSmith", "location": "", "followers_count": 17850, "favourites_count": 0}, {"id": 1259856916811067395, "name": "Julie Morita", "screen_name": "DrJulieMorita", "location": "", "followers_count": 3880, "favourites_count": 13}, {"id": 1242899075734872066, "name": "Dr. Janet Woodcock", "screen_name": "DrWoodcockFDA", "location": "Silver Spring, MD", "followers_count": 14043, "favourites_count": 8}, {"id": 1109068098118840322, "name": "Dr. Amy Abernethy", "screen_name": "DrAbernethyFDA", "location": "Silver Spring, MD", "followers_count": 7935, "favourites_count": 118}, {"id": 822496079274975232, "name": "Rick Bright", "screen_name": "RickABright", "location": "Washington, DC", "followers_count": 31847, "favourites_count": 6358}, {"id": 820452522494226433, "name": "Dr. Tom Frieden", "screen_name": "DrTomFrieden", "location": "New York, NY", "followers_count": 230670, "favourites_count": 853}, {"id": 2921031706, "name": "Dr Eric Goosby", "screen_name": "DrEricGoosby", "location": "", "followers_count": 2765, "favourites_count": 15}, {"id": 2458563254, "name": "ARCHIVED: HHS Office of Public Affairs", "screen_name": "SpoxHHS", "location": "Washington, D.C.", "followers_count": 18043, "favourites_count": 46}, {"id": 2426189960, "name": "Tom Inglesby", "screen_name": "T_Inglesby", "location": "Baltimore, MD", "followers_count": 108797, "favourites_count": 2107}, {"id": 2353701600, "name": "Dr. Nancy Messonnier", "screen_name": "DrNancyM_CDC", "location": "Atlanta, GA", "followers_count": 51340, "favourites_count": 702}, {"id": 1354941072, "name": "Michael Osterholm", "screen_name": "mtosterholm", "location": "", "followers_count": 64500, "favourites_count": 64}, {"id": 1270795052, "name": "Luciana Borio, MD", "screen_name": "llborio", "location": "Washington, DC", "followers_count": 13094, "favourites_count": 3534}, {"id": 565469671, "name": "Xavier Becerra", "screen_name": "XavierBecerra", "location": "Sacramento, CA", "followers_count": 57455, "favourites_count": 2736}, {"id": 488950348, "name": "Jerome Adams", "screen_name": "JeromeAdamsMD", "location": "Indianapolis, IN", "followers_count": 61396, "favourites_count": 3754}, {"id": 455024343, "name": "Dr. Vivek Murthy, U.S. Surgeon General", "screen_name": "Surgeon_General", "location": "Washington, DC", "followers_count": 952803, "favourites_count": 2301}, {"id": 427900496, "name": "Dr. Sue Desmond-Hellmann", "screen_name": "SueDHellmann", "location": "Alamo, CA", "followers_count": 62899, "favourites_count": 7271}, {"id": 426909329, "name": "Rochelle Walensky, MD, MPH", "screen_name": "CDCDirector", "location": "Atlanta, GA", "followers_count": 333393, "favourites_count": 673}, {"id": 357648167, "name": "CDC Global Health", "screen_name": "CDCGlobal", "location": "Atlanta, GA", "followers_count": 171912, "favourites_count": 807}, {"id": 233364902, "name": "Atul Gawande", "screen_name": "Atul_Gawande", "location": "", "followers_count": 390736, "favourites_count": 377}, {"id": 224896427, "name": "Trevor Bedford", "screen_name": "trvrb", "location": "Seattle, WA", "followers_count": 330862, "favourites_count": 6369}, {"id": 208120290, "name": "U.S. FDA", "screen_name": "US_FDA", "location": "Silver Spring, MD", "followers_count": 498372, "favourites_count": 394}, {"id": 176434844, "name": "David A. Kessler MD", "screen_name": "DavidAKesslerMD", "location": "", "followers_count": 21752, "favourites_count": 87}, {"id": 146569971, "name": "CDC", "screen_name": "CDCgov", "location": "Atlanta, GA", "followers_count": 4195085, "favourites_count": 515}, {"id": 124237063, "name": "Francis S. Collins", "screen_name": "NIHDirector", "location": "Bethesda, Maryland, USA", "followers_count": 177340, "favourites_count": 115}, {"id": 96359415, "name": "Beth Cameron", "screen_name": "BethCameron_DC", "location": "Washington, DC", "followers_count": 12165, "favourites_count": 3519}, {"id": 76417139, "name": "IDSA", "screen_name": "IDSAInfo", "location": "Arlington, VA", "followers_count": 52327, "favourites_count": 3777}, {"id": 70837868, "name": "CMSGov", "screen_name": "CMSGov", "location": "Baltimore, Maryland", "followers_count": 197584, "favourites_count": 1291}, {"id": 59769395, "name": "NIAID News", "screen_name": "NIAIDNews", "location": "Bethesda, MD", "followers_count": 69699, "favourites_count": 113}, {"id": 58006725, "name": "C\u00e9line\u00a0Gounder,\u00a0MD, ScM, FIDSA", "screen_name": "celinegounder", "location": "New York, NY, USA", "followers_count": 77807, "favourites_count": 17673}, {"id": 53039176, "name": "FDA Drug Information", "screen_name": "FDA_Drug_Info", "location": "Silver Spring", "followers_count": 324670, "favourites_count": 105}, {"id": 51037707, "name": "Loyce Pace, MPH (she/her) \ud83d\udc89\ud83c\udf0d", "screen_name": "globalgamechngr", "location": "District of Columbia, USA", "followers_count": 8922, "favourites_count": 4974}, {"id": 44783853, "name": "HHS.gov", "screen_name": "HHSGov", "location": "Washington, D.C.", "followers_count": 1113403, "favourites_count": 4332}, {"id": 40156330, "name": "Scott Gottlieb, MD", "screen_name": "ScottGottliebMD", "location": "Washington, DC", "followers_count": 504803, "favourites_count": 6861}, {"id": 15552773, "name": "Vivek Murthy", "screen_name": "vivek_murthy", "location": "Washington, DC", "followers_count": 136501, "favourites_count": 548}, {"id": 15134240, "name": "NIH", "screen_name": "NIH", "location": "Bethesda, Maryland, USA", "followers_count": 1392748, "favourites_count": 1661}, {"id": 14095644, "name": "Vincent Racaniello", "screen_name": "profvrr", "location": "New York, USA", "followers_count": 90587, "favourites_count": 2453}]