[{"id": 1177309886629076993, "name": "entospharma", "screen_name": "entospharma", "location": "", "followers_count": 414, "favourites_count": 1046}, {"id": 1060984350995550208, "name": "BioNTech SE", "screen_name": "BioNTech_Group", "location": "Mainz, Germany", "followers_count": 66594, "favourites_count": 20}, {"id": 989045379445510145, "name": "CureVac", "screen_name": "CureVacRNA", "location": "T\u00fcbingen, Germany / Frankfurt, Germany / Boston, MA", "followers_count": 21712, "favourites_count": 121}, {"id": 925599812510138368, "name": "SerumInstituteIndia", "screen_name": "SerumInstIndia", "location": "", "followers_count": 139780, "favourites_count": 16}, {"id": 876589381791997952, "name": "Ocugen", "screen_name": "Ocugen", "location": "Malvern, PA", "followers_count": 23083, "favourites_count": 17}, {"id": 856774314066034688, "name": "Pfizer at Congress", "screen_name": "PfizerCongress", "location": "", "followers_count": 4069, "favourites_count": 13}, {"id": 4647261301, "name": "Zydus Cadila", "screen_name": "ZydusUniverse", "location": "Ahmadabad City, India", "followers_count": 23390, "favourites_count": 233}, {"id": 2913798339, "name": "Novavax", "screen_name": "Novavax", "location": "Gaithersburg, MD", "followers_count": 40924, "favourites_count": 632}, {"id": 2590932906, "name": "BharatBiotech", "screen_name": "BharatBiotech", "location": "Hyderabad, India", "followers_count": 146922, "favourites_count": 3899}, {"id": 2227355222, "name": "Moderna", "screen_name": "moderna_tx", "location": "Cambridge, MA", "followers_count": 127429, "favourites_count": 197}, {"id": 1260044826, "name": "Johnson & Johnson Innovation", "screen_name": "JNJInnovation", "location": "", "followers_count": 31488, "favourites_count": 6467}, {"id": 613772062, "name": "INOVIO Pharmaceuticals", "screen_name": "InovioPharma", "location": "Plymouth Meeting, PA", "followers_count": 18847, "favourites_count": 88}, {"id": 540233480, "name": "Pfizer Inc.", "screen_name": "pfizer_news", "location": "New York", "followers_count": 28453, "favourites_count": 38}, {"id": 348659967, "name": "JLABS", "screen_name": "JLABS", "location": "", "followers_count": 9158, "favourites_count": 3931}, {"id": 256182836, "name": "JanssenUS", "screen_name": "JanssenUS", "location": "", "followers_count": 20112, "favourites_count": 7686}, {"id": 97219875, "name": "Gavi, the Vaccine Alliance", "screen_name": "gavi", "location": "Geneva, Switzerland", "followers_count": 152190, "favourites_count": 10116}, {"id": 93115683, "name": "Seth Berkley", "screen_name": "GaviSeth", "location": "Geneva, Switzerland", "followers_count": 77379, "favourites_count": 2839}, {"id": 62465691, "name": "AstraZeneca", "screen_name": "AstraZeneca", "location": "Global", "followers_count": 290702, "favourites_count": 3843}, {"id": 56488059, "name": "Pfizer Inc.", "screen_name": "pfizer", "location": "New York, NY", "followers_count": 454704, "favourites_count": 531}, {"id": 48289662, "name": "University of Oxford", "screen_name": "UniofOxford", "location": "Oxford, UK", "followers_count": 761343, "favourites_count": 14900}, {"id": 20457806, "name": "Johnson & Johnson", "screen_name": "JNJNews", "location": "", "followers_count": 239310, "favourites_count": 3188}, {"id": 18723114, "name": "AstraZenecaUS", "screen_name": "AstraZenecaUS", "location": "Wilmington, DE", "followers_count": 81289, "favourites_count": 1568}, {"id": 14499829, "name": "World Health Organization (WHO)", "screen_name": "WHO", "location": "Geneva, Switzerland", "followers_count": 9826605, "favourites_count": 11825}]