[{"id": 3231489491, "name": "Gabriella Borter", "screen_name": "gabriellaborter", "location": "Washington, DC", "followers_count": 2583, "favourites_count": 4597}, {"id": 2957692594, "name": "Paul Morgan\ud83e\udd4b\ud83d\udcda", "screen_name": "PaulMorganPhD", "location": "University Park, PA", "followers_count": 1131, "favourites_count": 3910}, {"id": 2212920252, "name": "Youcubed", "screen_name": "youcubed", "location": "", "followers_count": 21257, "favourites_count": 1999}, {"id": 1851956887, "name": "Dr. Laura Schifter", "screen_name": "laschifter12", "location": "", "followers_count": 529, "favourites_count": 3508}, {"id": 1581615451, "name": "Chalkbeat", "screen_name": "Chalkbeat", "location": "United States", "followers_count": 18962, "favourites_count": 6808}, {"id": 1395871723, "name": "Jal Mehta", "screen_name": "jal_mehta", "location": "", "followers_count": 5301, "favourites_count": 151}, {"id": 1338199994, "name": "Matt Barnum", "screen_name": "matt_barnum", "location": "Brooklyn", "followers_count": 10726, "favourites_count": 6791}, {"id": 224421524, "name": "Robin Lake", "screen_name": "RbnLake", "location": "Seattle", "followers_count": 9413, "favourites_count": 7081}, {"id": 202829020, "name": "Center on Reinventing Public Education", "screen_name": "CRPE_UW", "location": "Seattle, Washington", "followers_count": 11385, "favourites_count": 1689}, {"id": 179334563, "name": "Jo Boaler", "screen_name": "joboaler", "location": "Stanford University", "followers_count": 105064, "favourites_count": 20621}, {"id": 119376050, "name": "Penn State", "screen_name": "penn_state", "location": "University Park, PA", "followers_count": 214380, "favourites_count": 18343}, {"id": 112471133, "name": "The Education Trust", "screen_name": "EdTrust", "location": "Washington, DC", "followers_count": 98117, "favourites_count": 26528}, {"id": 92128097, "name": "Stanford Education", "screen_name": "StanfordEd", "location": "Stanford, California", "followers_count": 35069, "favourites_count": 765}, {"id": 29725730, "name": "Michael Petrilli", "screen_name": "MichaelPetrilli", "location": "Washington, DC", "followers_count": 35398, "favourites_count": 6872}, {"id": 29447358, "name": "Fordham Institute", "screen_name": "educationgadfly", "location": "Washington, DC", "followers_count": 59014, "favourites_count": 2293}, {"id": 21786831, "name": "Harvard Graduate School of Education (HGSE)", "screen_name": "hgse", "location": "Cambridge, Massachusetts", "followers_count": 156255, "favourites_count": 5417}, {"id": 21478989, "name": "Bank Street College", "screen_name": "bankstreetedu", "location": "New York, NY", "followers_count": 4991, "favourites_count": 2256}, {"id": 19918047, "name": "Teach For America", "screen_name": "TeachForAmerica", "location": "United States", "followers_count": 150145, "favourites_count": 33785}, {"id": 19785281, "name": "Lauren Young", "screen_name": "LaurenYoung", "location": "New York", "followers_count": 35748, "favourites_count": 41071}, {"id": 17903666, "name": "NYU Steinhardt", "screen_name": "nyusteinhardt", "location": "New York, NY", "followers_count": 14372, "favourites_count": 20273}, {"id": 14407823, "name": "NationalPTA", "screen_name": "NationalPTA", "location": "Nationwide", "followers_count": 28381, "favourites_count": 5783}, {"id": 14112212, "name": "Antero \"Circle send message\" Garcia", "screen_name": "anterobot", "location": "CA", "followers_count": 5473, "favourites_count": 6975}]