[{"id": 1255393579507351554, "name": "Monica Gandhi MD, MPH", "screen_name": "MonicaGandhi9", "location": "San Francisco", "followers_count": 65964, "favourites_count": 10718}, {"id": 1237673606991110144, "name": "Dr. Swapneil Parikh\ud83d\udc89\ud83d\udc89\ud83d\ude37", "screen_name": "swapneilparikh", "location": "", "followers_count": 4818, "favourites_count": 2148}, {"id": 1143921823735828480, "name": "Julia Marcus, PhD, MPH", "screen_name": "JuliaLMarcus", "location": "", "followers_count": 39629, "favourites_count": 16634}, {"id": 1134423305790795776, "name": "Dr. Arvinder Singh Soin", "screen_name": "ArvinderSoin", "location": "New Delhi, Gurugram, India", "followers_count": 97451, "favourites_count": 6718}, {"id": 1110032180237852672, "name": "Krutika Kuppalli, MD FIDSA", "screen_name": "KrutikaKuppalli", "location": "", "followers_count": 29375, "favourites_count": 9473}, {"id": 1106160968734773248, "name": "Mike Ryan", "screen_name": "DrMikeRyan", "location": "Geneva, Switzerland", "followers_count": 56788, "favourites_count": 1065}, {"id": 1094762324097822720, "name": "Michael Mina", "screen_name": "michaelmina_lab", "location": "Boston, MA", "followers_count": 133926, "favourites_count": 13286}, {"id": 1093695069176000512, "name": "Isaac Bogoch", "screen_name": "BogochIsaac", "location": "University of Toronto", "followers_count": 140877, "favourites_count": 68103}, {"id": 1005085697018138624, "name": "Natalie E. Dean, PhD", "screen_name": "nataliexdean", "location": "Emory University", "followers_count": 120391, "favourites_count": 14465}, {"id": 902520702678556672, "name": "Dr Sylvie Briand", "screen_name": "SCBriand", "location": "Geneva, Switzerland", "followers_count": 17064, "favourites_count": 2718}, {"id": 704282873231237121, "name": "Florian Krammer", "screen_name": "florian_krammer", "location": "New York, NY", "followers_count": 213682, "favourites_count": 13410}, {"id": 4606813693, "name": "Mary-Louise McLaws", "screen_name": "MarylouiseMcla1", "location": "Sydney, New South Wales", "followers_count": 25651, "favourites_count": 1404}, {"id": 3322502295, "name": "Ilan Schwartz MD PhD", "screen_name": "GermHunterMD", "location": "Treaty 6 Land (Edmonton)", "followers_count": 27528, "favourites_count": 50640}, {"id": 3138945535, "name": "Dr. Edsel Salvana", "screen_name": "EdselSalvana", "location": "Republic of the Philippines", "followers_count": 28259, "favourites_count": 1078}, {"id": 2426189960, "name": "Tom Inglesby", "screen_name": "T_Inglesby", "location": "Baltimore, MD", "followers_count": 108797, "favourites_count": 2107}, {"id": 2409592178, "name": "Christophe Fraser \ud83d\udc99", "screen_name": "ChristoPhraser", "location": "University of Oxford", "followers_count": 18850, "favourites_count": 1292}, {"id": 2353701600, "name": "Dr. Nancy Messonnier", "screen_name": "DrNancyM_CDC", "location": "Atlanta, GA", "followers_count": 51340, "favourites_count": 702}, {"id": 2178775035, "name": "Maria Van Kerkhove", "screen_name": "mvankerkhove", "location": "Geneva, Switzerland", "followers_count": 76460, "favourites_count": 6959}, {"id": 1352962327, "name": "\u026a\u1d00\u0274 \u1d0d. \u1d0d\u1d00\u1d04\u1d0b\u1d00\u028f, \u1d18\u029c\u1d05 \ud83e\udda0\ud83e\udd27\ud83e\uddec\ud83e\udd7c\ud83e\udd9f\ud83e\uddfb\ud83e\uddd9\u200d\u2642\ufe0f", "screen_name": "MackayIM", "location": "Brisbane, Australia", "followers_count": 120313, "favourites_count": 99492}, {"id": 1194962714, "name": "Vinay Prasad, MD MPH \ud83c\udf99\ufe0f\ud83d\udcf7", "screen_name": "VPrasadMDMPH", "location": "San Francisco, Ca", "followers_count": 99508, "favourites_count": 84120}, {"id": 1107178256, "name": "Dr. Lynora Saxinger \ud83c\udde8\ud83c\udde6", "screen_name": "AntibioticDoc", "location": "University of Alberta Edmonton", "followers_count": 25022, "favourites_count": 16631}, {"id": 1033587691, "name": "BK Titanji #ILookLikeAScientist", "screen_name": "Boghuma", "location": "Atlanta, GA", "followers_count": 8623, "favourites_count": 24403}, {"id": 865680475, "name": "Zain Chagla", "screen_name": "zchagla", "location": "McMaster University", "followers_count": 15743, "favourites_count": 18897}, {"id": 487673211, "name": "Caitlin Rivers, PhD", "screen_name": "cmyeaton", "location": "", "followers_count": 198443, "favourites_count": 4790}, {"id": 453124512, "name": "Adam Kucharski", "screen_name": "AdamJKucharski", "location": "", "followers_count": 133819, "favourites_count": 7401}, {"id": 403586502, "name": "Martin Landray", "screen_name": "MartinLandray", "location": "University of Oxford", "followers_count": 10754, "favourites_count": 1405}, {"id": 394087611, "name": "Dr. Angela Rasmussen", "screen_name": "angie_rasmussen", "location": "Saskatoon, Saskatchewan", "followers_count": 258512, "favourites_count": 59260}, {"id": 356788303, "name": "Dr Siouxsie Wiles", "screen_name": "SiouxsieW", "location": "Aotearoa New Zealand", "followers_count": 54490, "favourites_count": 45580}, {"id": 348075929, "name": "Prof. Dr. Benhur Lee, MD \ud83e\udda0\ud83e\uddec\ud83d\udd2c", "screen_name": "VirusWhisperer", "location": "Manhattan, NY @IcahnMountSinai", "followers_count": 38604, "favourites_count": 3901}, {"id": 341771044, "name": "Jin Russell", "screen_name": "DrJinRussell", "location": "Auckland, New Zealand", "followers_count": 11392, "favourites_count": 31316}, {"id": 321316625, "name": "Rossana Rosa MD MSc ~Vaxxed and Re-Masked~", "screen_name": "DrRossanaRosa", "location": "Miami, FL", "followers_count": 2400, "favourites_count": 6206}, {"id": 259645736, "name": "Maria Sundaram, PhD", "screen_name": "mariasundaram", "location": "Toronto, ON", "followers_count": 7130, "favourites_count": 8928}, {"id": 247125507, "name": "Emily R Smith, ScD MPH", "screen_name": "DrEmilyRSmith", "location": "Washington, D.C.", "followers_count": 3588, "favourites_count": 12732}, {"id": 95221142, "name": "Eli Perencevich, MD MS\ud83e\uddfc \ud83d\ude37", "screen_name": "eliowa", "location": "CID/SIN", "followers_count": 18857, "favourites_count": 80271}, {"id": 86626845, "name": "Eric Topol", "screen_name": "EricTopol", "location": "La Jolla, CA", "followers_count": 522116, "favourites_count": 38905}, {"id": 75937326, "name": "Marc Lipsitch", "screen_name": "mlipsitch", "location": "Boston, MA", "followers_count": 234716, "favourites_count": 3966}, {"id": 67069351, "name": "Muge Cevik", "screen_name": "mugecevik", "location": "Edinburgh, Scotland ", "followers_count": 148555, "favourites_count": 20508}, {"id": 58006725, "name": "C\u00e9line\u00a0Gounder,\u00a0MD, ScM, FIDSA", "screen_name": "celinegounder", "location": "New York, NY, USA", "followers_count": 77807, "favourites_count": 17673}, {"id": 39416218, "name": "Ashish K. Jha, MD, MPH", "screen_name": "ashishkjha", "location": "Providence, RI", "followers_count": 267525, "favourites_count": 8878}, {"id": 35815074, "name": "Jennifer Nuzzo, DrPH", "screen_name": "JenniferNuzzo", "location": "Baltimore, MD", "followers_count": 36389, "favourites_count": 6326}, {"id": 35315865, "name": "Dr. Tara C. Smith", "screen_name": "aetiology", "location": "Kent, Ohio", "followers_count": 112729, "favourites_count": 60187}, {"id": 26117944, "name": "Dr. Saskia Popescu", "screen_name": "SaskiaPopescu", "location": "Phoenix & DC", "followers_count": 58541, "favourites_count": 53202}, {"id": 23242375, "name": "Dr Emma Hodcroft", "screen_name": "firefoxx66", "location": "Switzerland", "followers_count": 65005, "favourites_count": 16153}, {"id": 19694637, "name": "Dr Alexandra Phelan", "screen_name": "alexandraphelan", "location": "Australian in DC & NYC", "followers_count": 29973, "favourites_count": 14959}, {"id": 18831926, "name": "Eric Feigl-Ding", "screen_name": "DrEricDing", "location": "Washington DC & Virginia", "followers_count": 589966, "favourites_count": 202258}, {"id": 14113766, "name": "neil_ferguson", "screen_name": "neil_ferguson", "location": "London, England", "followers_count": 138750, "favourites_count": 0}]