[{"id": 4494758476, "name": "Julie Steenhuysen", "screen_name": "JDSteenhuysen", "location": "Chicago, IL", "followers_count": 1275, "favourites_count": 1232}, {"id": 4407151516, "name": "Vicky Gayle", "screen_name": "vi_gayle", "location": "West Midlands, England", "followers_count": 2418, "favourites_count": 2506}, {"id": 4175759465, "name": "Health Nerd", "screen_name": "GidMK", "location": "Sydney, New South Wales", "followers_count": 54189, "favourites_count": 67866}, {"id": 3263170784, "name": "Michael Nedelman", "screen_name": "MikeNedelman", "location": "New York, NY", "followers_count": 890, "favourites_count": 681}, {"id": 2710893258, "name": "Kristine Sabillo \ud83c\uddf5\ud83c\udded", "screen_name": "kristinesabillo", "location": "MANILA, Philippines", "followers_count": 13431, "favourites_count": 4838}, {"id": 1585334881, "name": "Samuel Lovett", "screen_name": "samueljlovett", "location": "", "followers_count": 2274, "favourites_count": 695}, {"id": 610659001, "name": "Max Roser", "screen_name": "MaxCRoser", "location": "Oxford", "followers_count": 269118, "favourites_count": 33999}, {"id": 576436187, "name": "Caroline Chen", "screen_name": "CarolineYLChen", "location": "SF Bay Area", "followers_count": 35913, "favourites_count": 9344}, {"id": 559989747, "name": "Jillian Deutsch", "screen_name": "DeutschJill", "location": "Brussels, Belgium", "followers_count": 4192, "favourites_count": 12545}, {"id": 443297726, "name": "Chad Terhune", "screen_name": "chadterhune", "location": "Los Angeles", "followers_count": 10796, "favourites_count": 30}, {"id": 370113964, "name": "Margot Sanger-Katz", "screen_name": "sangerkatz", "location": "", "followers_count": 52561, "favourites_count": 12774}, {"id": 346605991, "name": "sharon begley", "screen_name": "sxbegle", "location": "Boston, MA", "followers_count": 18929, "favourites_count": 3326}, {"id": 329782236, "name": "Sarah Newey", "screen_name": "sneweyy", "location": "UK", "followers_count": 4407, "favourites_count": 17619}, {"id": 295746612, "name": "Michelle Fay Cortez", "screen_name": "FayCortez", "location": "Hong Kong", "followers_count": 17063, "favourites_count": 1329}, {"id": 289732005, "name": "Melissa Davey", "screen_name": "MelissaLDavey", "location": "Perth | Sydney | Melbourne", "followers_count": 23244, "favourites_count": 11775}, {"id": 248212617, "name": "Rosa Furneaux", "screen_name": "rosafurneaux", "location": "London, England", "followers_count": 2363, "favourites_count": 4901}, {"id": 246941766, "name": "Meera Senthilingam", "screen_name": "Meera_Senthi", "location": "London", "followers_count": 994, "favourites_count": 326}, {"id": 243215442, "name": "Marilynn Marchione", "screen_name": "MMarchioneAP", "location": "", "followers_count": 11957, "favourites_count": 804}, {"id": 212278192, "name": "Stefanie Ilgenfritz", "screen_name": "stefaniei", "location": "", "followers_count": 14447, "favourites_count": 603}, {"id": 120853201, "name": "Priscilla Thompson", "screen_name": "PriscillaWT", "location": "New York, USA", "followers_count": 15063, "favourites_count": 2300}, {"id": 84684955, "name": "Drew Armstrong", "screen_name": "ArmstrongDrew", "location": "Hastings on Hudson, NY", "followers_count": 32255, "favourites_count": 9027}, {"id": 84318938, "name": "Alexander Smith", "screen_name": "AlexanderSmith", "location": "London", "followers_count": 6756, "favourites_count": 4114}, {"id": 82279998, "name": "Melissa Sweet", "screen_name": "MelissaSweetDr", "location": "Melukerdee/Palawa country.", "followers_count": 28000, "favourites_count": 36890}, {"id": 75890868, "name": "Julia Belluz", "screen_name": "juliaoftoronto", "location": "Vienna, Austria", "followers_count": 39434, "favourites_count": 6560}, {"id": 71523404, "name": "Sarah Toy", "screen_name": "sarahtoy17", "location": "New York, NY", "followers_count": 1851, "favourites_count": 1462}, {"id": 50082898, "name": "Kate Kelland", "screen_name": "kkelland", "location": "United Kingdom", "followers_count": 5659, "favourites_count": 316}, {"id": 48176841, "name": "Nick Evershed", "screen_name": "NickEvershed", "location": "Australia", "followers_count": 12348, "favourites_count": 11134}, {"id": 48110818, "name": "Liz Szabo", "screen_name": "LizSzabo", "location": "Washington, D.C.", "followers_count": 68080, "favourites_count": 22877}, {"id": 45586617, "name": "Kai Kupferschmidt", "screen_name": "kakape", "location": "Berlin, Germany", "followers_count": 134603, "favourites_count": 9482}, {"id": 43878033, "name": "John Burn-Murdoch", "screen_name": "jburnmurdoch", "location": "Doncaster \u27a1\ufe0f London", "followers_count": 365584, "favourites_count": 40038}, {"id": 42703163, "name": "Sarah Karlin-Smith", "screen_name": "SarahKarlin", "location": "Washington, DC ", "followers_count": 15512, "favourites_count": 6436}, {"id": 39549278, "name": "Frederik Joelving", "screen_name": "joelving", "location": "Denmark", "followers_count": 1919, "favourites_count": 496}, {"id": 38154312, "name": "Luke Taylor", "screen_name": "LukeStTaylor", "location": "Bogot\u00e1, D.C., Colombia", "followers_count": 952, "favourites_count": 5174}, {"id": 34020042, "name": "Jon Cohen", "screen_name": "sciencecohen", "location": "Cardiff, California", "followers_count": 41043, "favourites_count": 195}, {"id": 28838219, "name": "Helen Branswell", "screen_name": "HelenBranswell", "location": "Boston, MA", "followers_count": 216383, "favourites_count": 14210}, {"id": 25753805, "name": "Malaka Gharib \ud83c\uddea\ud83c\uddec \ud83c\uddf5\ud83c\udded \ud83c\uddfa\ud83c\uddf8", "screen_name": "MalakaGharib", "location": "Nashville, Tennessee  ", "followers_count": 14074, "favourites_count": 37374}, {"id": 23408258, "name": "Kate Aubusson", "screen_name": "Kaubo", "location": "Sydney", "followers_count": 5129, "favourites_count": 4191}, {"id": 20336988, "name": "Brianna Ehley Allen", "screen_name": "Briannaehley", "location": "Washington, DC", "followers_count": 8408, "favourites_count": 14872}, {"id": 19864877, "name": "Natasha Loder", "screen_name": "natashaloder", "location": "London, England", "followers_count": 18795, "favourites_count": 24652}, {"id": 19164430, "name": "Maggie Fox", "screen_name": "maggiemfox", "location": "Washington", "followers_count": 21739, "favourites_count": 4516}, {"id": 18808527, "name": "Jacqueline Howard", "screen_name": "JacqEHoward", "location": "Atlanta, GA", "followers_count": 7251, "favourites_count": 912}, {"id": 18208763, "name": "Scott Hensley", "screen_name": "scotthensley", "location": "Washington, D.C.", "followers_count": 32080, "favourites_count": 19805}, {"id": 18021517, "name": "Jonathan Rockoff", "screen_name": "jonathanrockoff", "location": "New York", "followers_count": 19916, "favourites_count": 6254}, {"id": 17448943, "name": "RitaRubin", "screen_name": "RitaRubin", "location": "Washington, D.C.", "followers_count": 14737, "favourites_count": 7830}, {"id": 15684633, "name": "Maryn McKenna", "screen_name": "marynmck", "location": "GA, ME, elsewhere.", "followers_count": 55193, "favourites_count": 48938}, {"id": 14314515, "name": "Chrissie Giles (she/her) \u26b0\ud83c\udf70\ud83d\ude3a", "screen_name": "christinagiles", "location": "chrissiegilesproton@protonmail", "followers_count": 2627, "favourites_count": 6691}, {"id": 13145012, "name": "Erin Kissane", "screen_name": "kissane", "location": "PNW", "followers_count": 31452, "favourites_count": 45524}, {"id": 11930482, "name": "Carla K. Johnson", "screen_name": "CarlaKJohnson", "location": "Seattle", "followers_count": 20647, "favourites_count": 1268}, {"id": 11414212, "name": "donato", "screen_name": "donatopmancini", "location": "London", "followers_count": 2195, "favourites_count": 13417}, {"id": 7847192, "name": "Ed Conway", "screen_name": "EdConwaySky", "location": "Deep in a spreadsheet", "followers_count": 142996, "favourites_count": 1060}]