[{"id": 1289246655745798144, "name": "AJG - The American Journal of Gastroenterology", "screen_name": "AmJGastro", "location": "", "followers_count": 3079, "favourites_count": 1256}, {"id": 1229323281658007552, "name": "Nusriela Fernandez \ud83e\udd80", "screen_name": "lindseygrayston", "location": "", "followers_count": 548, "favourites_count": 1544}, {"id": 956533877501235200, "name": "Epidemiologic Reviews", "screen_name": "EpiReviews", "location": "Baltimore, MD", "followers_count": 727, "favourites_count": 187}, {"id": 904045351820251137, "name": "JAMMI Canada Journal", "screen_name": "JAMMI_Journal", "location": "Ottawa, Ontario", "followers_count": 208, "favourites_count": 19}, {"id": 895923710544228353, "name": "Vaccines MDPI", "screen_name": "Vaccines_MDPI", "location": "Basel, Switzerland", "followers_count": 593, "favourites_count": 364}, {"id": 819510719343394816, "name": "Immunology", "screen_name": "immjournal", "location": "United Kingdom", "followers_count": 4544, "favourites_count": 693}, {"id": 715562647169708033, "name": "Canadian Journal of Public Health", "screen_name": "CJPH_RCSP", "location": "Canada", "followers_count": 1372, "favourites_count": 369}, {"id": 3973842041, "name": "J Immunol", "screen_name": "J_Immunol", "location": "", "followers_count": 15523, "favourites_count": 677}, {"id": 3853074935, "name": "JVirology Editors", "screen_name": "JVirology", "location": "", "followers_count": 6595, "favourites_count": 289}, {"id": 3416035636, "name": "Nature Immunology", "screen_name": "NatImmunol", "location": "New York, NY", "followers_count": 44930, "favourites_count": 45}, {"id": 2905172883, "name": "ATS Blue Journal", "screen_name": "ATSBlueEditor", "location": "", "followers_count": 13127, "favourites_count": 382}, {"id": 2831600607, "name": "IJE", "screen_name": "IntJEpidemiol", "location": "Sydney, New South Wales", "followers_count": 6574, "favourites_count": 225}, {"id": 2775202518, "name": "Am J Epidemiology", "screen_name": "AmJEpi", "location": "Baltimore, Maryland", "followers_count": 15027, "favourites_count": 3228}, {"id": 2426212106, "name": "AmJMed", "screen_name": "amjmed", "location": "", "followers_count": 1395, "favourites_count": 224}, {"id": 1530678584, "name": "CJEM", "screen_name": "CJEMonline", "location": "", "followers_count": 4046, "favourites_count": 3130}, {"id": 1430797741, "name": "The American Journal of Pathology", "screen_name": "AJPathology", "location": "Bethesda, MD", "followers_count": 3832, "favourites_count": 1642}, {"id": 1405023733, "name": "AAP Journals", "screen_name": "AAPJournals", "location": "Itasca, IL", "followers_count": 5611, "favourites_count": 589}, {"id": 1262257472, "name": "CDC_EIDjournal", "screen_name": "CDC_EIDjournal", "location": "Atlanta, Georgia", "followers_count": 4437, "favourites_count": 5}, {"id": 705226320, "name": "Virology Tweets", "screen_name": "VirologyJ", "location": "", "followers_count": 8893, "favourites_count": 504}, {"id": 463217239, "name": "American Journal of Preventive Medicine", "screen_name": "AmJPrevMed", "location": "Ann Arbor, MI", "followers_count": 3281, "favourites_count": 1324}, {"id": 246348124, "name": "Nature Rev Immunol", "screen_name": "NatRevImmunol", "location": "London, UK", "followers_count": 49026, "favourites_count": 1548}, {"id": 238083320, "name": "The Bulletin of the World Health Organization", "screen_name": "WHOBulletin", "location": "Geneva, Switzerland", "followers_count": 4828, "favourites_count": 557}, {"id": 228840354, "name": "Epidemiology", "screen_name": "EpidemiologyLWW", "location": "", "followers_count": 9401, "favourites_count": 263}, {"id": 223605846, "name": "Journal of Clinical Investigation", "screen_name": "jclinicalinvest", "location": "Ann Arbor, MI", "followers_count": 45451, "favourites_count": 490}, {"id": 175150751, "name": "PLOS Pathogens", "screen_name": "PLOSPathogens", "location": "San Francisco, CA", "followers_count": 30378, "favourites_count": 1533}, {"id": 171599679, "name": "ACS Publications", "screen_name": "ACSPublications", "location": "Washington, D.C.", "followers_count": 48012, "favourites_count": 3544}, {"id": 153287840, "name": "MJA", "screen_name": "theMJA", "location": "Sydney Australia", "followers_count": 22524, "favourites_count": 17220}, {"id": 141148895, "name": "JECH_BMJ", "screen_name": "JECH_BMJ", "location": "", "followers_count": 3769, "favourites_count": 476}, {"id": 120206023, "name": "Annals of Int Med", "screen_name": "AnnalsofIM", "location": "Philadelphia, PA", "followers_count": 56469, "favourites_count": 3448}, {"id": 54664757, "name": "JAMA Internal Medicine", "screen_name": "JAMAInternalMed", "location": "Chicago, IL", "followers_count": 84642, "favourites_count": 250}, {"id": 38489678, "name": "JAMA", "screen_name": "JAMA_current", "location": "Chicago, IL", "followers_count": 437855, "favourites_count": 1869}, {"id": 36214885, "name": "MayoProceedings", "screen_name": "MayoProceedings", "location": "Rochester, MN", "followers_count": 4807, "favourites_count": 11}, {"id": 27013292, "name": "The Lancet", "screen_name": "TheLancet", "location": "London, New York, Beijing", "followers_count": 682134, "favourites_count": 5486}, {"id": 26832834, "name": "Nature Medicine", "screen_name": "NatureMedicine", "location": "New York - London", "followers_count": 257413, "favourites_count": 364}, {"id": 25950355, "name": "NEJM", "screen_name": "NEJM", "location": "Boston, MA", "followers_count": 852624, "favourites_count": 1079}, {"id": 20732032, "name": "CMAJ", "screen_name": "CMAJ", "location": "Ottawa, Canada", "followers_count": 33344, "favourites_count": 2429}, {"id": 16949344, "name": "The BMJ", "screen_name": "bmj_latest", "location": "London Beijing Delhi New York", "followers_count": 462079, "favourites_count": 12968}]